<?xml version="1.0" encoding="UTF-8"?>
<beans xmlns="http://www.springframework.org/schema/beans"
    xmlns:xsi="http://www.w3.org/2001/XMLSchema-instance"
    xsi:schemaLocation="
        http://www.springframework.org/schema/beans http://www.springframework.org/schema/beans/spring-beans.xsd http://www.springframework.org/schema/aop https://www.springframework.org/schema/aop/spring-aop.xsd">

    <!-- bean definitions here -->
    <bean id="holiday" class="spring.Holiday" scope="singleton" lazy-init="true">
    <property name="holidayname" value="Republic day"></property>
    <property name="holidayDate" value="Jan 26"></property>
    
    </bean>
    <bean id="holiday1" class="spring.Holiday" scope="singleton" lazy-init="true">
    
    <constructor-arg name="holidayName" value="Independence Day"></constructor-arg>
    <constructor-arg name="holidayDate" value="August 15"></constructor-arg>
    </bean>

</beans>