
<hibernate-configuration>
   <session-factory>
      <!-- JDBC -->
      <property name="hibernate.connection.driver_class">com.mysql.cj.jdbc.Driver</property>
      <property name="hibernate.connection.url"><![CDATA[
  jdbc:mysql://localhost:3306/application?useSSL=FALSE&allowPublicKeyRetrieval=TRUE&serverTimezone=Asia/Kolkata
]]></property>
      <property name="hibernate.connection.username">root</property>
      <property name="hibernate.connection.password">root@39</property>
      <property name="hibernate.connection.pool_size">3</property>

      <!-- Hibernate -->
      <property name="hibernate.dialect">org.hibernate.dialect.MySQL8Dialect</property>
      <property name="hibernate.show_sql">true</property>
      <property name="hibernate.format_sql">true</property>
      <property name="hibernate.current_session_context_class">thread</property>
      <property name="hibernate.hbm2ddl.auto">update</property> <!-- dev only -->

      <!-- Cache (optional; provider is deprecated but will still work) -->
      <property name="net.sf.ehcache.configurationResourceName">ehcache.xml</property>
      <property name="hibernate.cache.use_second_level_cache">true</property>
      <property name="hibernate.cache.use_query_cache">true</property>
      <property name="hibernate.cache.region.factory_class">org.hibernate.cache.ehcache.EhCacheRegionFactory</property>
      <property name="hibernate.generate_statistics">true</property>

      <!-- Mappings -->
      <mapping class="p1.UserDTO"/>
      <mapping class="p1.AccountHeadEntity"/>
   </session-factory>
</hibernate-configuration>