<?xml version='1.0' encoding='UTF-8'?>  
<!DOCTYPE hibernate-configuration PUBLIC  
   "-//Hibernate/Hibernate Configuration DTD 5.3//EN"  
   "C:\Users\bejoy.jbt\Downloads\hibernate-configuration-3.0.dtd">  

<hibernate-configuration>  
 
   <session-factory>  
      <property name="hbm2ddl.auto">update</property>  
      <property name="dialect">org.hibernate.dialect.MySQL8Dialect</property>  
      <property name="connection.url">jdbc:mysql://localhost:3306/employee</property>  
      <property name="connection.username">root</property>  
      <property name="connection.password">root@39</property>  
      <property name="connection.pool_size">3</property>
      <property name="connection.driver_class">com.mysql.cj.jdbc.Driver</property>
      <property name="current_session_context_class">thread</property>
      <property name="show_sql">true</property>
      <property name="format_sql">true</property>
      <property name="net.sf.ehcache.configurationResourceName">ehcache.xml</property>
      
      <property name="hibernate.cache.use_second_level_cache">true</property>
      <property name="hibernate.cache.use_query_cache">true</property>
      <property name="hibernate.cache.region.factory_class">org.hibernate.cache.ehcache.EhCacheRegionFactory</property>
      <property name="hibernate.generate_statistics">true</property>
      
      <mapping class="p1.EmployeeEntity"></mapping>
      <mapping class="p1.SalaryEntity"></mapping>
      <mapping class="p1.QualificationEntity" />
   </session-factory>  

</hibernate-configuration>